raceLaneInstanceID,timeTakenToCompleteRace,raceInstanceID,laneTypeID,swimmerID,resultTypeID
raceLaneInstanceID0001,55.81,raceInstanceID001,lane01,swmr01,result07
raceLaneInstanceID0002,71.48,raceInstanceID001,lane02,swmr07,result01
raceLaneInstanceID0003,63.28,raceInstanceID001,lane03,swmr13,result05
raceLaneInstanceID0004,67.64,raceInstanceID001,lane04,swmr25,result03
raceLaneInstanceID0005,60.52,raceInstanceID001,lane05,swmr37,result06
raceLaneInstanceID0006,69.0,raceInstanceID001,lane06,swmr61,result02
raceLaneInstanceID0007,65.25,raceInstanceID001,lane07,swmr67,result04
raceLaneInstanceID0008,,raceInstanceID001,lane08,,
raceLaneInstanceID0009,66.82,raceInstanceID002,lane01,swmr08,result02
raceLaneInstanceID0010,,raceInstanceID002,lane02,swmr32,result09
raceLaneInstanceID0011,70.28,raceInstanceID002,lane03,swmr38,result01
raceLaneInstanceID0012,63.31,raceInstanceID002,lane04,swmr50,result04
raceLaneInstanceID0013,56.64,raceInstanceID002,lane05,swmr62,result06
raceLaneInstanceID0014,64.25,raceInstanceID002,lane06,swmr84,result03
raceLaneInstanceID0015,62.23,raceInstanceID002,lane07,swmr44,result05
raceLaneInstanceID0016,,raceInstanceID002,lane08,,
raceLaneInstanceID0017,57.38,raceInstanceID003,lane01,swmr03,result04
raceLaneInstanceID0018,51.83,raceInstanceID003,lane02,swmr21,result05
raceLaneInstanceID0019,59.11,raceInstanceID003,lane03,swmr39,result03
raceLaneInstanceID0020,66.67,raceInstanceID003,lane04,swmr71,result01
raceLaneInstanceID0021,62.76,raceInstanceID003,lane05,swmr73,result02
raceLaneInstanceID0022,,raceInstanceID003,lane06,,
raceLaneInstanceID0023,,raceInstanceID003,lane07,,
raceLaneInstanceID0024,,raceInstanceID003,lane08,,
raceLaneInstanceID0025,57.23,raceInstanceID004,lane01,swmr70,result06
raceLaneInstanceID0026,59.96,raceInstanceID004,lane02,swmr22,result05
raceLaneInstanceID0027,69.7,raceInstanceID004,lane03,swmr28,result01
raceLaneInstanceID0028,66.25,raceInstanceID004,lane04,swmr34,result02
raceLaneInstanceID0029,62.3,raceInstanceID004,lane05,swmr40,result04
raceLaneInstanceID0030,62.69,raceInstanceID004,lane06,swmr64,result03
raceLaneInstanceID0031,,raceInstanceID004,lane07,,
raceLaneInstanceID0032,,raceInstanceID004,lane08,,
raceLaneInstanceID0033,42.82,raceInstanceID005,lane01,swmr11,result06
raceLaneInstanceID0034,44.17,raceInstanceID005,lane02,swmr29,result05
raceLaneInstanceID0035,57.35,raceInstanceID005,lane03,swmr59,result02
raceLaneInstanceID0036,59.93,raceInstanceID005,lane04,swmr81,result01
raceLaneInstanceID0037,45.16,raceInstanceID005,lane05,swmr75,result04
raceLaneInstanceID0038,,raceInstanceID005,lane06,swmr77,result09
raceLaneInstanceID0039,51.9,raceInstanceID005,lane07,swmr17,result03
raceLaneInstanceID0040,,raceInstanceID005,lane08,,
raceLaneInstanceID0041,53.17,raceInstanceID006,lane01,swmr30,result05
raceLaneInstanceID0042,62.65,raceInstanceID006,lane02,swmr36,result01
raceLaneInstanceID0043,55.62,raceInstanceID006,lane03,swmr42,result04
raceLaneInstanceID0044,58.97,raceInstanceID006,lane04,swmr76,result02
raceLaneInstanceID0045,58.82,raceInstanceID006,lane05,swmr82,result03
raceLaneInstanceID0046,,raceInstanceID006,lane06,,
raceLaneInstanceID0047,,raceInstanceID006,lane07,,
raceLaneInstanceID0048,,raceInstanceID006,lane08,,
raceLaneInstanceID0049,80.16,raceInstanceID007,lane01,swmr01,result05
raceLaneInstanceID0050,88.08,raceInstanceID007,lane02,swmr07,result02
raceLaneInstanceID0051,76.78,raceInstanceID007,lane03,swmr13,result08
raceLaneInstanceID0052,80.12,raceInstanceID007,lane04,swmr25,result06
raceLaneInstanceID0053,94.7,raceInstanceID007,lane05,swmr31,result01
raceLaneInstanceID0054,86.65,raceInstanceID007,lane06,swmr37,result03
raceLaneInstanceID0055,78.64,raceInstanceID007,lane07,swmr49,result07
raceLaneInstanceID0056,85.91,raceInstanceID007,lane08,swmr55,result04
raceLaneInstanceID0057,84.28,raceInstanceID008,lane01,swmr02,result07
raceLaneInstanceID0058,89.7,raceInstanceID008,lane02,swmr20,result05
raceLaneInstanceID0059,89.49,raceInstanceID008,lane03,swmr68,result06
raceLaneInstanceID0060,89.77,raceInstanceID008,lane04,swmr72,result04
raceLaneInstanceID0061,92.79,raceInstanceID008,lane05,swmr78,result02
raceLaneInstanceID0062,91.47,raceInstanceID008,lane06,swmr80,result03
raceLaneInstanceID0063,95.51,raceInstanceID008,lane07,swmr26,result01
raceLaneInstanceID0064,,raceInstanceID008,lane08,,
raceLaneInstanceID0065,82.62,raceInstanceID009,lane01,swmr03,result02
raceLaneInstanceID0066,74.61,raceInstanceID009,lane02,swmr09,result04
raceLaneInstanceID0067,73.94,raceInstanceID009,lane03,swmr21,result05
raceLaneInstanceID0068,80.18,raceInstanceID009,lane04,swmr27,result03
raceLaneInstanceID0069,69.17,raceInstanceID009,lane05,swmr39,result07
raceLaneInstanceID0070,88.85,raceInstanceID009,lane06,swmr45,result01
raceLaneInstanceID0071,72.33,raceInstanceID009,lane07,swmr69,result06
raceLaneInstanceID0072,,raceInstanceID009,lane08,,
raceLaneInstanceID0073,71.71,raceInstanceID010,lane01,swmr10,result05
raceLaneInstanceID0074,76.53,raceInstanceID010,lane02,swmr16,result03
raceLaneInstanceID0075,87.48,raceInstanceID010,lane03,swmr46,result01
raceLaneInstanceID0076,70.59,raceInstanceID010,lane04,swmr74,result06
raceLaneInstanceID0077,73.39,raceInstanceID010,lane05,swmr52,result04
raceLaneInstanceID0078,84.62,raceInstanceID010,lane06,swmr58,result02
raceLaneInstanceID0079,,raceInstanceID010,lane07,,
raceLaneInstanceID0080,,raceInstanceID010,lane08,,
raceLaneInstanceID0081,66.97,raceInstanceID011,lane01,swmr41,result05
raceLaneInstanceID0082,79.66,raceInstanceID011,lane02,swmr47,result01
raceLaneInstanceID0083,78.89,raceInstanceID011,lane03,swmr53,result02
raceLaneInstanceID0084,66.08,raceInstanceID011,lane04,swmr81,result06
raceLaneInstanceID0085,71.36,raceInstanceID011,lane05,swmr75,result03
raceLaneInstanceID0086,70.07,raceInstanceID011,lane06,swmr77,result04
raceLaneInstanceID0087,,raceInstanceID011,lane07,,
raceLaneInstanceID0088,,raceInstanceID011,lane08,,
raceLaneInstanceID0089,80.48,raceInstanceID012,lane01,swmr06,result01
raceLaneInstanceID0090,72.21,raceInstanceID012,lane02,swmr54,result05
raceLaneInstanceID0091,73.46,raceInstanceID012,lane03,swmr60,result04
raceLaneInstanceID0092,70.27,raceInstanceID012,lane04,swmr12,result06
raceLaneInstanceID0093,79.07,raceInstanceID012,lane05,swmr30,result02
raceLaneInstanceID0094,77.91,raceInstanceID012,lane06,swmr76,result03
raceLaneInstanceID0095,,raceInstanceID012,lane07,,
raceLaneInstanceID0096,,raceInstanceID012,lane08,,
raceLaneInstanceID0097,88.65,raceInstanceID013,lane01,swmr19,result05
raceLaneInstanceID0098,107.0,raceInstanceID013,lane02,swmr43,result01
raceLaneInstanceID0099,84.19,raceInstanceID013,lane03,swmr67,result06
raceLaneInstanceID0100,106.22,raceInstanceID013,lane04,swmr49,result02
raceLaneInstanceID0101,89.28,raceInstanceID013,lane05,swmr61,result04
raceLaneInstanceID0102,106.2,raceInstanceID013,lane06,swmr55,result03
raceLaneInstanceID0103,,raceInstanceID013,lane07,,
raceLaneInstanceID0104,,raceInstanceID013,lane08,,
raceLaneInstanceID0105,110.01,raceInstanceID014,lane01,swmr02,result02
raceLaneInstanceID0106,96.35,raceInstanceID014,lane02,swmr14,result05
raceLaneInstanceID0107,100.81,raceInstanceID014,lane03,swmr20,result04
raceLaneInstanceID0108,95.11,raceInstanceID014,lane04,swmr32,result06
raceLaneInstanceID0109,111.79,raceInstanceID014,lane05,swmr56,result01
raceLaneInstanceID0110,84.21,raceInstanceID014,lane06,swmr62,result07
raceLaneInstanceID0111,105.2,raceInstanceID014,lane07,swmr68,result03
raceLaneInstanceID0112,,raceInstanceID014,lane08,,
raceLaneInstanceID0113,94.03,raceInstanceID015,lane01,swmr33,result03
raceLaneInstanceID0114,86.25,raceInstanceID015,lane02,swmr27,result04
raceLaneInstanceID0115,100.16,raceInstanceID015,lane03,swmr51,result02
raceLaneInstanceID0116,83.42,raceInstanceID015,lane04,swmr69,result05
raceLaneInstanceID0117,102.55,raceInstanceID015,lane05,swmr45,result01
raceLaneInstanceID0118,76.44,raceInstanceID015,lane06,swmr15,result06
raceLaneInstanceID0119,,raceInstanceID015,lane07,,
raceLaneInstanceID0120,,raceInstanceID015,lane08,,
raceLaneInstanceID0121,107.42,raceInstanceID016,lane01,swmr04,result01
raceLaneInstanceID0122,105.33,raceInstanceID016,lane02,swmr22,result02
raceLaneInstanceID0123,83.21,raceInstanceID016,lane03,swmr10,result07
raceLaneInstanceID0124,100.29,raceInstanceID016,lane04,swmr40,result03
raceLaneInstanceID0125,88.69,raceInstanceID016,lane05,swmr46,result05
raceLaneInstanceID0126,92.37,raceInstanceID016,lane06,swmr58,result04
raceLaneInstanceID0127,81.27,raceInstanceID016,lane07,swmr64,result08
raceLaneInstanceID0128,83.77,raceInstanceID016,lane08,swmr70,result06
raceLaneInstanceID0129,67.93,raceInstanceID017,lane01,swmr35,result03
raceLaneInstanceID0130,68.45,raceInstanceID017,lane02,swmr53,result02
raceLaneInstanceID0131,65.15,raceInstanceID017,lane03,swmr65,result04
raceLaneInstanceID0132,63.7,raceInstanceID017,lane04,swmr05,result05
raceLaneInstanceID0133,,raceInstanceID017,lane05,swmr23,result09
raceLaneInstanceID0134,77.74,raceInstanceID017,lane06,swmr41,result01
raceLaneInstanceID0135,,raceInstanceID017,lane07,,
raceLaneInstanceID0136,,raceInstanceID017,lane08,,
raceLaneInstanceID0137,83.72,raceInstanceID018,lane01,swmr06,result04
raceLaneInstanceID0138,90.76,raceInstanceID018,lane02,swmr12,result03
raceLaneInstanceID0139,82.85,raceInstanceID018,lane03,swmr24,result05
raceLaneInstanceID0140,94.7,raceInstanceID018,lane04,swmr48,result01
raceLaneInstanceID0141,75.41,raceInstanceID018,lane05,swmr66,result07
raceLaneInstanceID0142,93.46,raceInstanceID018,lane06,swmr82,result02
raceLaneInstanceID0143,79.31,raceInstanceID018,lane07,swmr18,result06
raceLaneInstanceID0144,,raceInstanceID018,lane08,,
raceLaneInstanceID0145,89.71,raceInstanceID019,lane01,swmr85,result03
raceLaneInstanceID0146,101.92,raceInstanceID019,lane02,swmr19,result01
raceLaneInstanceID0147,86.9,raceInstanceID019,lane03,swmr31,result04
raceLaneInstanceID0148,90.75,raceInstanceID019,lane04,swmr43,result02
raceLaneInstanceID0149,86.51,raceInstanceID019,lane05,swmr83,result05
raceLaneInstanceID0150,81.24,raceInstanceID019,lane06,,
raceLaneInstanceID0151,,raceInstanceID019,lane07,,
raceLaneInstanceID0152,,raceInstanceID019,lane08,,
raceLaneInstanceID0153,88.54,raceInstanceID020,lane01,swmr08,result06
raceLaneInstanceID0154,86.1,raceInstanceID020,lane02,swmr38,result07
raceLaneInstanceID0155,103.66,raceInstanceID020,lane03,swmr50,result01
raceLaneInstanceID0156,91.79,raceInstanceID020,lane04,swmr56,result04
raceLaneInstanceID0157,90.3,raceInstanceID020,lane05,swmr72,result05
raceLaneInstanceID0158,100.47,raceInstanceID020,lane06,swmr80,result02
raceLaneInstanceID0159,96.61,raceInstanceID020,lane07,swmr84,result03
raceLaneInstanceID0160,,raceInstanceID020,lane08,,
raceLaneInstanceID0161,80.33,raceInstanceID021,lane01,swmr09,result06
raceLaneInstanceID0162,82.17,raceInstanceID021,lane02,swmr57,result05
raceLaneInstanceID0163,98.56,raceInstanceID021,lane03,swmr33,result01
raceLaneInstanceID0164,85.75,raceInstanceID021,lane04,swmr63,result04
raceLaneInstanceID0165,86.68,raceInstanceID021,lane05,swmr71,result03
raceLaneInstanceID0166,78.78,raceInstanceID021,lane06,swmr73,result07
raceLaneInstanceID0167,97.97,raceInstanceID021,lane07,swmr79,result02
raceLaneInstanceID0168,,raceInstanceID021,lane08,,
raceLaneInstanceID0169,78.37,raceInstanceID022,lane01,swmr04,result06
raceLaneInstanceID0170,94.73,raceInstanceID022,lane02,swmr28,result05
raceLaneInstanceID0171,97.11,raceInstanceID022,lane03,swmr34,result04
raceLaneInstanceID0172,99.75,raceInstanceID022,lane04,swmr16,result01
raceLaneInstanceID0173,98.53,raceInstanceID022,lane05,swmr74,result03
raceLaneInstanceID0174,99.3,raceInstanceID022,lane06,swmr52,result02
raceLaneInstanceID0175,,raceInstanceID022,lane07,,
raceLaneInstanceID0176,,raceInstanceID022,lane08,,
raceLaneInstanceID0177,74.95,raceInstanceID023,lane01,swmr05,result05
raceLaneInstanceID0178,89.99,raceInstanceID023,lane02,swmr11,result01
raceLaneInstanceID0179,84.39,raceInstanceID023,lane03,swmr23,result03
raceLaneInstanceID0180,74.55,raceInstanceID023,lane04,swmr29,result06
raceLaneInstanceID0181,73.73,raceInstanceID023,lane05,swmr35,result07
raceLaneInstanceID0182,72.18,raceInstanceID023,lane06,swmr47,result08
raceLaneInstanceID0183,83.98,raceInstanceID023,lane07,swmr59,result04
raceLaneInstanceID0184,85.5,raceInstanceID023,lane08,swmr65,result02
raceLaneInstanceID0185,87.42,raceInstanceID024,lane01,swmr24,result03
raceLaneInstanceID0186,85.08,raceInstanceID024,lane02,swmr36,result04
raceLaneInstanceID0187,84.52,raceInstanceID024,lane03,swmr48,result05
raceLaneInstanceID0188,93.69,raceInstanceID024,lane04,swmr54,result01
raceLaneInstanceID0189,,raceInstanceID024,lane05,swmr60,result10
raceLaneInstanceID0190,89.5,raceInstanceID024,lane06,swmr66,result02
raceLaneInstanceID0191,,raceInstanceID024,lane07,,
raceLaneInstanceID0192,,raceInstanceID024,lane08,,
raceLaneInstanceID0193,290.71,raceInstanceID025,lane01,swmr01,result06
raceLaneInstanceID0194,331.18,raceInstanceID025,lane02,swmr07,result05
raceLaneInstanceID0195,354.25,raceInstanceID025,lane03,swmr19,result02
raceLaneInstanceID0196,360.85,raceInstanceID025,lane04,swmr43,result01
raceLaneInstanceID0197,346.55,raceInstanceID025,lane05,swmr67,result03
raceLaneInstanceID0198,340.65,raceInstanceID025,lane06,swmr83,result04
raceLaneInstanceID0199,,raceInstanceID025,lane07,,
raceLaneInstanceID0200,,raceInstanceID025,lane08,,
raceLaneInstanceID0201,338.31,raceInstanceID026,lane01,swmr02,result01
raceLaneInstanceID0202,334.03,raceInstanceID026,lane02,swmr32,result02
raceLaneInstanceID0203,323.43,raceInstanceID026,lane03,swmr38,result03
raceLaneInstanceID0204,312.58,raceInstanceID026,lane04,swmr50,result05
raceLaneInstanceID0205,311.56,raceInstanceID026,lane05,swmr56,result06
raceLaneInstanceID0206,315.18,raceInstanceID026,lane06,swmr68,result04
raceLaneInstanceID0207,300.23,raceInstanceID026,lane07,swmr80,result07
raceLaneInstanceID0208,,raceInstanceID026,lane08,,
raceLaneInstanceID0209,310.06,raceInstanceID027,lane01,swmr03,result04
raceLaneInstanceID0210,300.37,raceInstanceID027,lane02,swmr09,result05
raceLaneInstanceID0211,310.49,raceInstanceID027,lane03,swmr57,result03
raceLaneInstanceID0212,321.57,raceInstanceID027,lane04,swmr69,result02
raceLaneInstanceID0213,355.8,raceInstanceID027,lane05,swmr33,result01
raceLaneInstanceID0214,282.05,raceInstanceID027,lane06,swmr79,result06
raceLaneInstanceID0215,,raceInstanceID027,lane07,,
raceLaneInstanceID0216,,raceInstanceID027,lane08,,
raceLaneInstanceID0217,340.91,raceInstanceID028,lane01,swmr16,result02
raceLaneInstanceID0218,304.24,raceInstanceID028,lane02,swmr64,result06
raceLaneInstanceID0219,316.98,raceInstanceID028,lane03,swmr70,result04
raceLaneInstanceID0220,309.38,raceInstanceID028,lane04,swmr28,result05
raceLaneInstanceID0221,317.35,raceInstanceID028,lane05,swmr40,result03
raceLaneInstanceID0222,369.48,raceInstanceID028,lane06,swmr58,result01
raceLaneInstanceID0223,,raceInstanceID028,lane07,,
raceLaneInstanceID0224,,raceInstanceID028,lane08,,
raceLaneInstanceID0225,263.4,raceInstanceID029,lane01,swmr47,result03
raceLaneInstanceID0226,257.59,raceInstanceID029,lane02,swmr59,result04
raceLaneInstanceID0227,254.07,raceInstanceID029,lane03,swmr65,result05
raceLaneInstanceID0228,313.64,raceInstanceID029,lane04,swmr11,result01
raceLaneInstanceID0229,249.52,raceInstanceID029,lane05,swmr29,result06
raceLaneInstanceID0230,288.77,raceInstanceID029,lane06,swmr35,result02
raceLaneInstanceID0231,,raceInstanceID029,lane07,,
raceLaneInstanceID0232,,raceInstanceID029,lane08,,
raceLaneInstanceID0233,336.84,raceInstanceID030,lane01,swmr48,result01
raceLaneInstanceID0234,259.56,raceInstanceID030,lane02,swmr54,result06
raceLaneInstanceID0235,332.81,raceInstanceID030,lane03,swmr66,result02
raceLaneInstanceID0236,309.0,raceInstanceID030,lane04,swmr36,result05
raceLaneInstanceID0237,326.99,raceInstanceID030,lane05,swmr60,result03
raceLaneInstanceID0238,312.7,raceInstanceID030,lane06,swmr82,result04
raceLaneInstanceID0239,,raceInstanceID030,lane07,,
raceLaneInstanceID0240,,raceInstanceID030,lane08,,
raceLaneInstanceID0241,55.55,raceInstanceID031,lane01,swmr01,result07
raceLaneInstanceID0242,62.8,raceInstanceID031,lane03,swmr13,result06
raceLaneInstanceID0243,64.75,raceInstanceID031,lane02,swmr07,result06
raceLaneInstanceID0244,66.33,raceInstanceID031,lane07,swmr67,result03
raceLaneInstanceID0245,71.1,raceInstanceID031,lane06,swmr61,result03
raceLaneInstanceID0246,73.74,raceInstanceID031,lane04,swmr25,result02
raceLaneInstanceID0247,74.65,raceInstanceID031,lane05,swmr37,result01
raceLaneInstanceID0248,,raceInstanceID031,lane08,,
raceLaneInstanceID0249,66.93,raceInstanceID032,lane01,swmr08,result03
raceLaneInstanceID0250,70.67,raceInstanceID032,lane02,swmr32,result01
raceLaneInstanceID0251,61.69,raceInstanceID032,lane03,swmr38,result05
raceLaneInstanceID0252,59.56,raceInstanceID032,lane04,swmr50,result06
raceLaneInstanceID0253,68.01,raceInstanceID032,lane05,swmr62,result02
raceLaneInstanceID0254,56.01,raceInstanceID032,lane06,swmr84,result07
raceLaneInstanceID0255,62.54,raceInstanceID032,lane07,swmr44,result04
raceLaneInstanceID0256,,raceInstanceID032,lane08,,
raceLaneInstanceID0257,49.03,raceInstanceID033,lane01,swmr03,result05
raceLaneInstanceID0258,49.3,raceInstanceID033,lane02,swmr21,result04
raceLaneInstanceID0259,58.72,raceInstanceID033,lane03,swmr39,result01
raceLaneInstanceID0260,57.99,raceInstanceID033,lane04,swmr71,result02
raceLaneInstanceID0261,50.91,raceInstanceID033,lane05,swmr73,result03
raceLaneInstanceID0262,,raceInstanceID033,lane06,,
raceLaneInstanceID0263,,raceInstanceID033,lane07,,
raceLaneInstanceID0264,,raceInstanceID033,lane08,,
raceLaneInstanceID0265,51.64,raceInstanceID034,lane01,swmr70,result03
raceLaneInstanceID0266,57.23,raceInstanceID034,lane02,swmr22,result02
raceLaneInstanceID0267,57.32,raceInstanceID034,lane03,swmr28,result01
raceLaneInstanceID0268,49.47,raceInstanceID034,lane04,swmr34,result05
raceLaneInstanceID0269,51.43,raceInstanceID034,lane05,swmr40,result04
raceLaneInstanceID0270,48.91,raceInstanceID034,lane06,swmr64,result06
raceLaneInstanceID0271,,raceInstanceID034,lane07,,
raceLaneInstanceID0272,,raceInstanceID034,lane08,,
raceLaneInstanceID0273,46.04,raceInstanceID035,lane01,swmr11,result05
raceLaneInstanceID0274,52.87,raceInstanceID035,lane02,swmr29,result04
raceLaneInstanceID0275,43.78,raceInstanceID035,lane03,swmr59,result07
raceLaneInstanceID0276,53.27,raceInstanceID035,lane04,swmr81,result03
raceLaneInstanceID0277,45.82,raceInstanceID035,lane05,swmr75,result06
raceLaneInstanceID0278,61.04,raceInstanceID035,lane06,swmr77,result01
raceLaneInstanceID0279,53.93,raceInstanceID035,lane07,swmr17,result02
raceLaneInstanceID0280,,raceInstanceID035,lane08,,
raceLaneInstanceID0281,64.94,raceInstanceID036,lane01,swmr30,result01
raceLaneInstanceID0282,49.01,raceInstanceID036,lane02,swmr36,result05
raceLaneInstanceID0283,52.04,raceInstanceID036,lane03,swmr42,result02
raceLaneInstanceID0284,51.05,raceInstanceID036,lane04,swmr76,result03
raceLaneInstanceID0285,49.15,raceInstanceID036,lane05,swmr82,result04
raceLaneInstanceID0286,,raceInstanceID036,lane06,,
raceLaneInstanceID0287,,raceInstanceID036,lane07,,
raceLaneInstanceID0288,,raceInstanceID036,lane08,,
raceLaneInstanceID0289,93.12,raceInstanceID037,lane01,swmr01,result01
raceLaneInstanceID0290,89.5,raceInstanceID037,lane02,swmr07,result05
raceLaneInstanceID0291,92.19,raceInstanceID037,lane03,swmr13,result02
raceLaneInstanceID0292,84.57,raceInstanceID037,lane04,swmr25,result06
raceLaneInstanceID0293,89.7,raceInstanceID037,lane05,swmr31,result04
raceLaneInstanceID0294,91.62,raceInstanceID037,lane06,swmr37,result03
raceLaneInstanceID0295,84.17,raceInstanceID037,lane07,swmr49,result07
raceLaneInstanceID0296,,raceInstanceID037,lane08,swmr55,result10
raceLaneInstanceID0297,88.57,raceInstanceID038,lane01,swmr02,result02
raceLaneInstanceID0298,95.28,raceInstanceID038,lane02,swmr20,result01
raceLaneInstanceID0299,85.52,raceInstanceID038,lane03,swmr68,result03
raceLaneInstanceID0300,82.81,raceInstanceID038,lane04,swmr72,result04
raceLaneInstanceID0301,82.36,raceInstanceID038,lane05,swmr78,result06
raceLaneInstanceID0302,80.01,raceInstanceID038,lane06,swmr80,result07
raceLaneInstanceID0303,82.38,raceInstanceID038,lane07,swmr26,result05
raceLaneInstanceID0304,,raceInstanceID038,lane08,,
raceLaneInstanceID0305,72.71,raceInstanceID039,lane01,swmr03,result05
raceLaneInstanceID0306,87.85,raceInstanceID039,lane02,swmr09,result01
raceLaneInstanceID0307,68.7,raceInstanceID039,lane03,swmr21,result06
raceLaneInstanceID0308,85.07,raceInstanceID039,lane04,swmr27,result02
raceLaneInstanceID0309,73.66,raceInstanceID039,lane05,swmr39,result04
raceLaneInstanceID0310,65.78,raceInstanceID039,lane06,swmr45,result07
raceLaneInstanceID0311,84.05,raceInstanceID039,lane07,swmr69,result03
raceLaneInstanceID0312,,raceInstanceID039,lane08,,
raceLaneInstanceID0313,91.26,raceInstanceID040,lane01,swmr10,result01
raceLaneInstanceID0314,78.6,raceInstanceID040,lane02,swmr16,result04
raceLaneInstanceID0315,74.33,raceInstanceID040,lane03,swmr46,result06
raceLaneInstanceID0316,78.42,raceInstanceID040,lane04,swmr74,result05
raceLaneInstanceID0317,82.86,raceInstanceID040,lane05,swmr52,result03
raceLaneInstanceID0318,84.3,raceInstanceID040,lane06,swmr58,result02
raceLaneInstanceID0319,,raceInstanceID040,lane07,,
raceLaneInstanceID0320,,raceInstanceID040,lane08,,
raceLaneInstanceID0321,70.85,raceInstanceID041,lane01,swmr41,result04
raceLaneInstanceID0322,69.13,raceInstanceID041,lane02,swmr47,result05
raceLaneInstanceID0323,79.42,raceInstanceID041,lane03,swmr53,result01
raceLaneInstanceID0324,76.91,raceInstanceID041,lane04,swmr81,result02
raceLaneInstanceID0325,67.29,raceInstanceID041,lane05,swmr75,result06
raceLaneInstanceID0326,76.42,raceInstanceID041,lane06,swmr77,result03
raceLaneInstanceID0327,,raceInstanceID041,lane07,,
raceLaneInstanceID0328,,raceInstanceID041,lane08,,
raceLaneInstanceID0329,68.05,raceInstanceID042,lane01,swmr06,result06
raceLaneInstanceID0330,79.46,raceInstanceID042,lane02,swmr54,result01
raceLaneInstanceID0331,79.05,raceInstanceID042,lane03,swmr60,result02
raceLaneInstanceID0332,77.1,raceInstanceID042,lane04,swmr12,result03
raceLaneInstanceID0333,71.47,raceInstanceID042,lane05,swmr30,result05
raceLaneInstanceID0334,76.78,raceInstanceID042,lane06,swmr76,result04
raceLaneInstanceID0335,,raceInstanceID042,lane07,,
raceLaneInstanceID0336,,raceInstanceID042,lane08,,
raceLaneInstanceID0337,101.35,raceInstanceID043,lane01,swmr19,result03
raceLaneInstanceID0338,96.87,raceInstanceID043,lane02,swmr43,result04
raceLaneInstanceID0339,88.44,raceInstanceID043,lane03,swmr67,result06
raceLaneInstanceID0340,90.39,raceInstanceID043,lane04,swmr49,result05
raceLaneInstanceID0341,106.16,raceInstanceID043,lane05,swmr61,result01
raceLaneInstanceID0342,104.96,raceInstanceID043,lane06,swmr55,result02
raceLaneInstanceID0343,,raceInstanceID043,lane07,,
raceLaneInstanceID0344,,raceInstanceID043,lane08,,
raceLaneInstanceID0345,95.23,raceInstanceID044,lane01,swmr02,result04
raceLaneInstanceID0346,98.78,raceInstanceID044,lane02,swmr14,result02
raceLaneInstanceID0347,86.4,raceInstanceID044,lane03,swmr20,result06
raceLaneInstanceID0348,113.32,raceInstanceID044,lane04,swmr32,result01
raceLaneInstanceID0349,82.25,raceInstanceID044,lane05,swmr56,result07
raceLaneInstanceID0350,88.86,raceInstanceID044,lane06,swmr62,result05
raceLaneInstanceID0351,97.65,raceInstanceID044,lane07,swmr68,result03
raceLaneInstanceID0352,,raceInstanceID044,lane08,,
raceLaneInstanceID0353,84.72,raceInstanceID045,lane01,swmr33,result06
raceLaneInstanceID0354,94.2,raceInstanceID045,lane02,swmr27,result03
raceLaneInstanceID0355,85.53,raceInstanceID045,lane03,swmr51,result05
raceLaneInstanceID0356,102.96,raceInstanceID045,lane04,swmr69,result01
raceLaneInstanceID0357,100.69,raceInstanceID045,lane05,swmr45,result02
raceLaneInstanceID0358,87.17,raceInstanceID045,lane06,swmr15,result04
raceLaneInstanceID0359,,raceInstanceID045,lane07,,
raceLaneInstanceID0360,,raceInstanceID045,lane08,,
raceLaneInstanceID0361,77.94,raceInstanceID046,lane01,swmr04,result07
raceLaneInstanceID0362,101.4,raceInstanceID046,lane02,swmr22,result04
raceLaneInstanceID0363,105.93,raceInstanceID046,lane03,swmr10,result02
raceLaneInstanceID0364,102.46,raceInstanceID046,lane04,swmr40,result03
raceLaneInstanceID0365,106.81,raceInstanceID046,lane05,swmr46,result01
raceLaneInstanceID0366,73.72,raceInstanceID046,lane06,swmr58,result08
raceLaneInstanceID0367,93.59,raceInstanceID046,lane07,swmr64,result06
raceLaneInstanceID0368,101.27,raceInstanceID046,lane08,swmr70,result05
raceLaneInstanceID0369,87.78,raceInstanceID047,lane01,swmr35,result03
raceLaneInstanceID0370,86.37,raceInstanceID047,lane02,swmr53,result04
raceLaneInstanceID0371,76.03,raceInstanceID047,lane03,swmr65,result05
raceLaneInstanceID0372,88.35,raceInstanceID047,lane04,swmr05,result01
raceLaneInstanceID0373,66.8,raceInstanceID047,lane05,swmr23,result06
raceLaneInstanceID0374,88.17,raceInstanceID047,lane06,swmr41,result02
raceLaneInstanceID0375,,raceInstanceID047,lane07,,
raceLaneInstanceID0376,,raceInstanceID047,lane08,,
raceLaneInstanceID0377,78.55,raceInstanceID048,lane01,swmr06,result06
raceLaneInstanceID0378,85.4,raceInstanceID048,lane02,swmr12,result05
raceLaneInstanceID0379,68.85,raceInstanceID048,lane03,swmr24,result07
raceLaneInstanceID0380,88.09,raceInstanceID048,lane04,swmr48,result03
raceLaneInstanceID0381,90.13,raceInstanceID048,lane05,swmr66,result01
raceLaneInstanceID0382,88.4,raceInstanceID048,lane06,swmr82,result02
raceLaneInstanceID0383,86.49,raceInstanceID048,lane07,swmr18,result04
raceLaneInstanceID0384,,raceInstanceID048,lane08,,
raceLaneInstanceID0385,94.07,raceInstanceID049,lane01,swmr85,result04
raceLaneInstanceID0386,96.06,raceInstanceID049,lane02,swmr19,result01
raceLaneInstanceID0387,95.4,raceInstanceID049,lane03,swmr31,result03
raceLaneInstanceID0388,95.58,raceInstanceID049,lane04,swmr43,result02
raceLaneInstanceID0389,81.22,raceInstanceID049,lane05,swmr83,result05
raceLaneInstanceID0390,,raceInstanceID049,lane06,,
raceLaneInstanceID0391,,raceInstanceID049,lane07,,
raceLaneInstanceID0392,,raceInstanceID049,lane08,,
raceLaneInstanceID0393,,raceInstanceID050,lane01,swmr08,result10
raceLaneInstanceID0394,96.98,raceInstanceID050,lane02,swmr38,result04
raceLaneInstanceID0395,105.65,raceInstanceID050,lane03,swmr50,result01
raceLaneInstanceID0396,101.12,raceInstanceID050,lane04,swmr56,result03
raceLaneInstanceID0397,90.97,raceInstanceID050,lane05,swmr72,result05
raceLaneInstanceID0398,88.18,raceInstanceID050,lane06,swmr80,result06
raceLaneInstanceID0399,103.63,raceInstanceID050,lane07,swmr84,result02
raceLaneInstanceID0400,,raceInstanceID050,lane08,,
raceLaneInstanceID0401,89.38,raceInstanceID051,lane01,swmr09,result03
raceLaneInstanceID0402,88.02,raceInstanceID051,lane02,swmr57,result04
raceLaneInstanceID0403,84.69,raceInstanceID051,lane03,swmr33,result06
raceLaneInstanceID0404,79.16,raceInstanceID051,lane04,swmr63,result07
raceLaneInstanceID0405,87.93,raceInstanceID051,lane05,swmr71,result05
raceLaneInstanceID0406,98.92,raceInstanceID051,lane06,swmr73,result01
raceLaneInstanceID0407,96.81,raceInstanceID051,lane07,swmr79,result02
raceLaneInstanceID0408,,raceInstanceID051,lane08,,
raceLaneInstanceID0409,88.62,raceInstanceID052,lane01,swmr04,result04
raceLaneInstanceID0410,80.71,raceInstanceID052,lane02,swmr28,result06
raceLaneInstanceID0411,86.28,raceInstanceID052,lane03,swmr34,result05
raceLaneInstanceID0412,98.2,raceInstanceID052,lane04,swmr16,result02
raceLaneInstanceID0413,89.33,raceInstanceID052,lane05,swmr74,result03
raceLaneInstanceID0414,99.05,raceInstanceID052,lane06,swmr52,result01
raceLaneInstanceID0415,,raceInstanceID052,lane07,,
raceLaneInstanceID0416,,raceInstanceID052,lane08,,
raceLaneInstanceID0417,77.44,raceInstanceID053,lane01,swmr05,result04
raceLaneInstanceID0418,88.13,raceInstanceID053,lane02,swmr11,result02
raceLaneInstanceID0419,73.37,raceInstanceID053,lane03,swmr23,result07
raceLaneInstanceID0420,72.81,raceInstanceID053,lane04,swmr29,result08
raceLaneInstanceID0421,73.73,raceInstanceID053,lane05,swmr35,result06
raceLaneInstanceID0422,89.01,raceInstanceID053,lane06,swmr47,result01
raceLaneInstanceID0423,74.57,raceInstanceID053,lane07,swmr59,result05
raceLaneInstanceID0424,86.6,raceInstanceID053,lane08,swmr65,result03
raceLaneInstanceID0425,87.54,raceInstanceID054,lane01,swmr24,result03
raceLaneInstanceID0426,91.32,raceInstanceID054,lane02,swmr36,result02
raceLaneInstanceID0427,87.24,raceInstanceID054,lane03,swmr48,result04
raceLaneInstanceID0428,84.25,raceInstanceID054,lane04,swmr54,result05
raceLaneInstanceID0429,81.59,raceInstanceID054,lane05,swmr60,result06
raceLaneInstanceID0430,91.39,raceInstanceID054,lane06,swmr66,result01
raceLaneInstanceID0431,,raceInstanceID054,lane07,,
raceLaneInstanceID0432,,raceInstanceID054,lane08,,
raceLaneInstanceID0433,342.66,raceInstanceID055,lane01,swmr01,result03
raceLaneInstanceID0434,306.02,raceInstanceID055,lane02,swmr07,result06
raceLaneInstanceID0435,362.39,raceInstanceID055,lane03,swmr19,result02
raceLaneInstanceID0436,310.55,raceInstanceID055,lane04,swmr43,result05
raceLaneInstanceID0437,321.81,raceInstanceID055,lane05,swmr67,result04
raceLaneInstanceID0438,366.77,raceInstanceID055,lane06,swmr83,result01
raceLaneInstanceID0439,,raceInstanceID055,lane07,,
raceLaneInstanceID0440,,raceInstanceID055,lane08,,
raceLaneInstanceID0441,311.77,raceInstanceID056,lane01,swmr02,result07
raceLaneInstanceID0442,330.81,raceInstanceID056,lane02,swmr32,result05
raceLaneInstanceID0443,357.32,raceInstanceID056,lane03,swmr38,result03
raceLaneInstanceID0444,381.47,raceInstanceID056,lane04,swmr50,result01
raceLaneInstanceID0445,335.06,raceInstanceID056,lane05,swmr56,result04
raceLaneInstanceID0446,322.08,raceInstanceID056,lane06,swmr68,result06
raceLaneInstanceID0447,374.98,raceInstanceID056,lane07,swmr80,result02
raceLaneInstanceID0448,,raceInstanceID056,lane08,,
raceLaneInstanceID0449,294.3,raceInstanceID057,lane01,swmr03,result03
raceLaneInstanceID0450,265.94,raceInstanceID057,lane02,swmr09,result05
raceLaneInstanceID0451,336.4,raceInstanceID057,lane03,swmr57,result01
raceLaneInstanceID0452,289.02,raceInstanceID057,lane04,swmr69,result04
raceLaneInstanceID0453,305.31,raceInstanceID057,lane05,swmr33,result02
raceLaneInstanceID0454,262.66,raceInstanceID057,lane06,swmr79,result06
raceLaneInstanceID0455,,raceInstanceID057,lane07,,
raceLaneInstanceID0456,,raceInstanceID057,lane08,,
raceLaneInstanceID0457,288.39,raceInstanceID058,lane01,swmr16,result06
raceLaneInstanceID0458,338.58,raceInstanceID058,lane02,swmr64,result02
raceLaneInstanceID0459,302.21,raceInstanceID058,lane03,swmr70,result05
raceLaneInstanceID0460,339.72,raceInstanceID058,lane04,swmr28,result01
raceLaneInstanceID0461,303.98,raceInstanceID058,lane05,swmr40,result03
raceLaneInstanceID0462,303.7,raceInstanceID058,lane06,swmr58,result04
raceLaneInstanceID0463,,raceInstanceID058,lane07,,
raceLaneInstanceID0464,,raceInstanceID058,lane08,,
raceLaneInstanceID0465,302.88,raceInstanceID059,lane01,swmr47,result02
raceLaneInstanceID0466,250.31,raceInstanceID059,lane02,swmr59,result05
raceLaneInstanceID0467,277.43,raceInstanceID059,lane03,swmr65,result03
raceLaneInstanceID0468,277.33,raceInstanceID059,lane04,swmr11,result04
raceLaneInstanceID0469,305.56,raceInstanceID059,lane05,swmr29,result01
raceLaneInstanceID0470,241.42,raceInstanceID059,lane06,swmr35,result06
raceLaneInstanceID0471,,raceInstanceID059,lane07,,
raceLaneInstanceID0472,,raceInstanceID059,lane08,,
raceLaneInstanceID0473,312.11,raceInstanceID060,lane01,swmr48,result02
raceLaneInstanceID0474,284.4,raceInstanceID060,lane02,swmr54,result04
raceLaneInstanceID0475,331.12,raceInstanceID060,lane03,swmr66,result01
raceLaneInstanceID0476,259.17,raceInstanceID060,lane04,swmr36,result05
raceLaneInstanceID0477,296.52,raceInstanceID060,lane05,swmr60,result03
raceLaneInstanceID0478,254.22,raceInstanceID060,lane06,swmr82,result06
raceLaneInstanceID0479,,raceInstanceID060,lane07,,
raceLaneInstanceID0480,,raceInstanceID060,lane08,,
raceLaneInstanceID0481,66.71,raceInstanceID061,lane01,swmr01,result04
raceLaneInstanceID0482,70.77,raceInstanceID061,lane02,swmr07,result01
raceLaneInstanceID0483,69.78,raceInstanceID061,lane03,swmr13,result02
raceLaneInstanceID0484,62.78,raceInstanceID061,lane04,swmr25,result05
raceLaneInstanceID0485,61.37,raceInstanceID061,lane05,swmr37,result06
raceLaneInstanceID0486,67.84,raceInstanceID061,lane06,swmr61,result03
raceLaneInstanceID0487,60.12,raceInstanceID061,lane07,swmr67,result07
raceLaneInstanceID0488,,raceInstanceID061,lane08,,
raceLaneInstanceID0489,63.36,raceInstanceID062,lane01,swmr08,result05
raceLaneInstanceID0490,56.48,raceInstanceID062,lane02,swmr32,result06
raceLaneInstanceID0491,72.84,raceInstanceID062,lane03,swmr38,result03
raceLaneInstanceID0492,76.15,raceInstanceID062,lane04,swmr50,result02
raceLaneInstanceID0493,76.89,raceInstanceID062,lane05,swmr62,result01
raceLaneInstanceID0494,66.58,raceInstanceID062,lane06,swmr84,result04
raceLaneInstanceID0495,54.5,raceInstanceID062,lane07,swmr44,result07
raceLaneInstanceID0496,,raceInstanceID062,lane08,,
raceLaneInstanceID0497,60.64,raceInstanceID063,lane01,swmr03,result03
raceLaneInstanceID0498,67.67,raceInstanceID063,lane02,swmr21,result01
raceLaneInstanceID0499,54.36,raceInstanceID063,lane03,swmr39,result05
raceLaneInstanceID0500,57.7,raceInstanceID063,lane04,swmr71,result04
raceLaneInstanceID0501,61.4,raceInstanceID063,lane05,swmr73,result02
raceLaneInstanceID0502,,raceInstanceID063,lane06,,
raceLaneInstanceID0503,,raceInstanceID063,lane07,,
raceLaneInstanceID0504,,raceInstanceID063,lane08,,
raceLaneInstanceID0505,70.09,raceInstanceID064,lane01,swmr70,result02
raceLaneInstanceID0506,56.86,raceInstanceID064,lane02,swmr22,result05
raceLaneInstanceID0507,65.86,raceInstanceID064,lane03,swmr28,result03
raceLaneInstanceID0508,59.56,raceInstanceID064,lane04,swmr34,result04
raceLaneInstanceID0509,49.19,raceInstanceID064,lane05,swmr40,result06
raceLaneInstanceID0510,71.9,raceInstanceID064,lane06,swmr64,result01
raceLaneInstanceID0511,,raceInstanceID064,lane07,,
raceLaneInstanceID0512,,raceInstanceID064,lane08,,
raceLaneInstanceID0513,58.53,raceInstanceID065,lane01,swmr11,result03
raceLaneInstanceID0514,57.31,raceInstanceID065,lane02,swmr29,result05
raceLaneInstanceID0515,43.32,raceInstanceID065,lane03,swmr59,result07
raceLaneInstanceID0516,58.46,raceInstanceID065,lane04,swmr81,result04
raceLaneInstanceID0517,58.57,raceInstanceID065,lane05,swmr75,result02
raceLaneInstanceID0518,53.09,raceInstanceID065,lane06,swmr77,result06
raceLaneInstanceID0519,60.87,raceInstanceID065,lane07,swmr17,result01
raceLaneInstanceID0520,,raceInstanceID065,lane08,,
raceLaneInstanceID0521,57.16,raceInstanceID066,lane01,swmr30,result04
raceLaneInstanceID0522,61.69,raceInstanceID066,lane02,swmr36,result01
raceLaneInstanceID0523,59.7,raceInstanceID066,lane03,swmr42,result02
raceLaneInstanceID0524,58.82,raceInstanceID066,lane04,swmr76,result03
raceLaneInstanceID0525,52.61,raceInstanceID066,lane05,swmr82,result05
raceLaneInstanceID0526,,raceInstanceID066,lane06,,
raceLaneInstanceID0527,,raceInstanceID066,lane07,,
raceLaneInstanceID0528,,raceInstanceID066,lane08,,
raceLaneInstanceID0529,76.34,raceInstanceID067,lane01,swmr01,result06
raceLaneInstanceID0530,92.26,raceInstanceID067,lane02,swmr07,result01
raceLaneInstanceID0531,72.23,raceInstanceID067,lane03,swmr13,result07
raceLaneInstanceID0532,88.09,raceInstanceID067,lane04,swmr25,result03
raceLaneInstanceID0533,82.02,raceInstanceID067,lane05,swmr31,result05
raceLaneInstanceID0534,,raceInstanceID067,lane06,swmr37,result10
raceLaneInstanceID0535,92.24,raceInstanceID067,lane07,swmr49,result02
raceLaneInstanceID0536,87.11,raceInstanceID067,lane08,swmr55,result04
raceLaneInstanceID0537,83.48,raceInstanceID068,lane01,swmr02,result05
raceLaneInstanceID0538,97.58,raceInstanceID068,lane02,swmr20,result01
raceLaneInstanceID0539,92.41,raceInstanceID068,lane03,swmr68,result04
raceLaneInstanceID0540,97.01,raceInstanceID068,lane04,swmr72,result02
raceLaneInstanceID0541,82.28,raceInstanceID068,lane05,swmr78,result06
raceLaneInstanceID0542,76.36,raceInstanceID068,lane06,swmr80,result07
raceLaneInstanceID0543,96.71,raceInstanceID068,lane07,swmr26,result03
raceLaneInstanceID0544,,raceInstanceID068,lane08,,
raceLaneInstanceID0545,67.14,raceInstanceID069,lane01,swmr03,result07
raceLaneInstanceID0546,82.54,raceInstanceID069,lane02,swmr09,result03
raceLaneInstanceID0547,80.16,raceInstanceID069,lane03,swmr21,result04
raceLaneInstanceID0548,70.39,raceInstanceID069,lane04,swmr27,result05
raceLaneInstanceID0549,83.29,raceInstanceID069,lane05,swmr39,result02
raceLaneInstanceID0550,70.0,raceInstanceID069,lane06,swmr45,result06
raceLaneInstanceID0551,84.05,raceInstanceID069,lane07,swmr69,result01
raceLaneInstanceID0552,,raceInstanceID069,lane08,,
raceLaneInstanceID0553,75.65,raceInstanceID070,lane01,swmr10,result05
raceLaneInstanceID0554,74.97,raceInstanceID070,lane02,swmr16,result06
raceLaneInstanceID0555,88.0,raceInstanceID070,lane03,swmr46,result02
raceLaneInstanceID0556,82.17,raceInstanceID070,lane04,swmr74,result04
raceLaneInstanceID0557,91.71,raceInstanceID070,lane05,swmr52,result01
raceLaneInstanceID0558,87.45,raceInstanceID070,lane06,swmr58,result03
raceLaneInstanceID0559,,raceInstanceID070,lane07,,
raceLaneInstanceID0560,,raceInstanceID070,lane08,,
raceLaneInstanceID0561,77.02,raceInstanceID071,lane01,swmr41,result02
raceLaneInstanceID0562,81.5,raceInstanceID071,lane02,swmr47,result01
raceLaneInstanceID0563,68.29,raceInstanceID071,lane03,swmr53,result04
raceLaneInstanceID0564,65.07,raceInstanceID071,lane04,swmr81,result05
raceLaneInstanceID0565,70.21,raceInstanceID071,lane05,swmr75,result03
raceLaneInstanceID0566,63.47,raceInstanceID071,lane06,swmr77,result06
raceLaneInstanceID0567,,raceInstanceID071,lane07,,
raceLaneInstanceID0568,,raceInstanceID071,lane08,,
raceLaneInstanceID0569,73.25,raceInstanceID072,lane01,swmr06,result03
raceLaneInstanceID0570,71.98,raceInstanceID072,lane02,swmr54,result04
raceLaneInstanceID0571,65.94,raceInstanceID072,lane03,swmr60,result06
raceLaneInstanceID0572,76.12,raceInstanceID072,lane04,swmr12,result02
raceLaneInstanceID0573,71.49,raceInstanceID072,lane05,swmr30,result05
raceLaneInstanceID0574,76.34,raceInstanceID072,lane06,swmr76,result01
raceLaneInstanceID0575,,raceInstanceID072,lane07,,
raceLaneInstanceID0576,,raceInstanceID072,lane08,,
raceLaneInstanceID0577,98.25,raceInstanceID073,lane01,swmr19,result05
raceLaneInstanceID0578,105.81,raceInstanceID073,lane02,swmr43,result04
raceLaneInstanceID0579,97.38,raceInstanceID073,lane03,swmr67,result06
raceLaneInstanceID0580,112.44,raceInstanceID073,lane04,swmr49,result01
raceLaneInstanceID0581,111.18,raceInstanceID073,lane05,swmr61,result03
raceLaneInstanceID0582,112.4,raceInstanceID073,lane06,swmr55,result02
raceLaneInstanceID0583,,raceInstanceID073,lane07,,
raceLaneInstanceID0584,,raceInstanceID073,lane08,,
raceLaneInstanceID0585,91.73,raceInstanceID074,lane01,swmr02,result05
raceLaneInstanceID0586,105.12,raceInstanceID074,lane02,swmr14,result02
raceLaneInstanceID0587,94.25,raceInstanceID074,lane03,swmr20,result04
raceLaneInstanceID0588,105.25,raceInstanceID074,lane04,swmr32,result01
raceLaneInstanceID0589,82.77,raceInstanceID074,lane05,swmr56,result07
raceLaneInstanceID0590,86.95,raceInstanceID074,lane06,swmr62,result06
raceLaneInstanceID0591,104.79,raceInstanceID074,lane07,swmr68,result03
raceLaneInstanceID0592,,raceInstanceID074,lane08,,
raceLaneInstanceID0593,102.33,raceInstanceID075,lane01,swmr33,result01
raceLaneInstanceID0594,101.47,raceInstanceID075,lane02,swmr27,result03
raceLaneInstanceID0595,91.2,raceInstanceID075,lane03,swmr51,result04
raceLaneInstanceID0596,88.38,raceInstanceID075,lane04,swmr69,result05
raceLaneInstanceID0597,85.53,raceInstanceID075,lane05,swmr45,result06
raceLaneInstanceID0598,101.49,raceInstanceID075,lane06,swmr15,result02
raceLaneInstanceID0599,,raceInstanceID075,lane07,,
raceLaneInstanceID0600,,raceInstanceID075,lane08,,
raceLaneInstanceID0601,88.53,raceInstanceID076,lane01,swmr04,result04
raceLaneInstanceID0602,79.19,raceInstanceID076,lane02,swmr22,result06
raceLaneInstanceID0603,106.31,raceInstanceID076,lane03,swmr10,result01
raceLaneInstanceID0604,99.91,raceInstanceID076,lane04,swmr40,result02
raceLaneInstanceID0605,75.56,raceInstanceID076,lane05,swmr46,result08
raceLaneInstanceID0606,87.09,raceInstanceID076,lane06,swmr58,result05
raceLaneInstanceID0607,77.34,raceInstanceID076,lane07,swmr64,result07
raceLaneInstanceID0608,90.51,raceInstanceID076,lane08,swmr70,result03
raceLaneInstanceID0609,80.98,raceInstanceID077,lane01,swmr35,result03
raceLaneInstanceID0610,81.15,raceInstanceID077,lane02,swmr53,result02
raceLaneInstanceID0611,63.47,raceInstanceID077,lane03,swmr65,result06
raceLaneInstanceID0612,79.39,raceInstanceID077,lane04,swmr05,result04
raceLaneInstanceID0613,69.96,raceInstanceID077,lane05,swmr23,result05
raceLaneInstanceID0614,86.22,raceInstanceID077,lane06,swmr41,result01
raceLaneInstanceID0615,,raceInstanceID077,lane07,,
raceLaneInstanceID0616,,raceInstanceID077,lane08,,
raceLaneInstanceID0617,70.37,raceInstanceID078,lane01,swmr06,result07
raceLaneInstanceID0618,70.96,raceInstanceID078,lane02,swmr12,result06
raceLaneInstanceID0619,92.47,raceInstanceID078,lane03,swmr24,result01
raceLaneInstanceID0620,78.63,raceInstanceID078,lane04,swmr48,result04
raceLaneInstanceID0621,85.08,raceInstanceID078,lane05,swmr66,result03
raceLaneInstanceID0622,72.99,raceInstanceID078,lane06,swmr82,result05
raceLaneInstanceID0623,87.19,raceInstanceID078,lane07,swmr18,result02
raceLaneInstanceID0624,,raceInstanceID078,lane08,,
raceLaneInstanceID0625,83.85,raceInstanceID079,lane01,swmr85,result06
raceLaneInstanceID0626,99.08,raceInstanceID079,lane02,swmr19,result02
raceLaneInstanceID0627,91.89,raceInstanceID079,lane03,swmr31,result03
raceLaneInstanceID0628,84.3,raceInstanceID079,lane04,swmr43,result05
raceLaneInstanceID0629,103.28,raceInstanceID079,lane05,swmr83,result01
raceLaneInstanceID0630,91.05,raceInstanceID079,lane06,,
raceLaneInstanceID0631,,raceInstanceID079,lane07,,
raceLaneInstanceID0632,,raceInstanceID079,lane08,,
raceLaneInstanceID0633,93.59,raceInstanceID080,lane01,swmr08,result04
raceLaneInstanceID0634,88.1,raceInstanceID080,lane02,swmr38,result05
raceLaneInstanceID0635,84.43,raceInstanceID080,lane03,swmr50,result06
raceLaneInstanceID0636,104.16,raceInstanceID080,lane04,swmr56,result01
raceLaneInstanceID0637,101.55,raceInstanceID080,lane05,swmr72,result02
raceLaneInstanceID0638,96.88,raceInstanceID080,lane06,swmr80,result03
raceLaneInstanceID0639,,raceInstanceID080,lane07,swmr84,result11
raceLaneInstanceID0640,,raceInstanceID080,lane08,,
raceLaneInstanceID0641,97.49,raceInstanceID081,lane01,swmr09,result01
raceLaneInstanceID0642,97.19,raceInstanceID081,lane02,swmr57,result02
raceLaneInstanceID0643,95.5,raceInstanceID081,lane03,swmr33,result04
raceLaneInstanceID0644,93.4,raceInstanceID081,lane04,swmr63,result05
raceLaneInstanceID0645,75.68,raceInstanceID081,lane05,swmr71,result07
raceLaneInstanceID0646,92.12,raceInstanceID081,lane06,swmr73,result06
raceLaneInstanceID0647,96.69,raceInstanceID081,lane07,swmr79,result03
raceLaneInstanceID0648,,raceInstanceID081,lane08,,
raceLaneInstanceID0649,91.85,raceInstanceID082,lane01,swmr04,result03
raceLaneInstanceID0650,99.87,raceInstanceID082,lane02,swmr28,result01
raceLaneInstanceID0651,78.16,raceInstanceID082,lane03,swmr34,result06
raceLaneInstanceID0652,88.13,raceInstanceID082,lane04,swmr16,result04
raceLaneInstanceID0653,97.08,raceInstanceID082,lane05,swmr74,result02
raceLaneInstanceID0654,85.17,raceInstanceID082,lane06,swmr52,result05
raceLaneInstanceID0655,,raceInstanceID082,lane07,,
raceLaneInstanceID0656,,raceInstanceID082,lane08,,
raceLaneInstanceID0657,82.68,raceInstanceID083,lane01,swmr05,result06
raceLaneInstanceID0658,91.09,raceInstanceID083,lane02,swmr11,result01
raceLaneInstanceID0659,,raceInstanceID083,lane03,swmr23,result10
raceLaneInstanceID0660,87.71,raceInstanceID083,lane04,swmr29,result02
raceLaneInstanceID0661,87.07,raceInstanceID083,lane05,swmr35,result04
raceLaneInstanceID0662,82.44,raceInstanceID083,lane06,swmr47,result07
raceLaneInstanceID0663,87.47,raceInstanceID083,lane07,swmr59,result03
raceLaneInstanceID0664,85.5,raceInstanceID083,lane08,swmr65,result05
raceLaneInstanceID0665,88.11,raceInstanceID084,lane01,swmr24,result02
raceLaneInstanceID0666,83.29,raceInstanceID084,lane02,swmr36,result06
raceLaneInstanceID0667,91.11,raceInstanceID084,lane03,swmr48,result01
raceLaneInstanceID0668,83.67,raceInstanceID084,lane04,swmr54,result04
raceLaneInstanceID0669,83.61,raceInstanceID084,lane05,swmr60,result05
raceLaneInstanceID0670,84.3,raceInstanceID084,lane06,swmr66,result03
raceLaneInstanceID0671,,raceInstanceID084,lane07,,
raceLaneInstanceID0672,,raceInstanceID084,lane08,,
raceLaneInstanceID0673,368.1,raceInstanceID085,lane01,swmr01,result01
raceLaneInstanceID0674,301.33,raceInstanceID085,lane02,swmr07,result05
raceLaneInstanceID0675,313.78,raceInstanceID085,lane03,swmr19,result04
raceLaneInstanceID0676,315.96,raceInstanceID085,lane04,swmr43,result03
raceLaneInstanceID0677,337.39,raceInstanceID085,lane05,swmr67,result02
raceLaneInstanceID0678,289.74,raceInstanceID085,lane06,swmr83,result06
raceLaneInstanceID0679,,raceInstanceID085,lane07,,
raceLaneInstanceID0680,,raceInstanceID085,lane08,,
raceLaneInstanceID0681,394.33,raceInstanceID086,lane01,swmr02,result02
raceLaneInstanceID0682,398.18,raceInstanceID086,lane02,swmr32,result01
raceLaneInstanceID0683,316.46,raceInstanceID086,lane03,swmr38,result05
raceLaneInstanceID0684,391.8,raceInstanceID086,lane04,swmr50,result03
raceLaneInstanceID0685,310.01,raceInstanceID086,lane05,swmr56,result06
raceLaneInstanceID0686,309.93,raceInstanceID086,lane06,swmr68,result07
raceLaneInstanceID0687,385.99,raceInstanceID086,lane07,swmr80,result04
raceLaneInstanceID0688,,raceInstanceID086,lane08,,
raceLaneInstanceID0689,315.11,raceInstanceID087,lane01,swmr03,result04
raceLaneInstanceID0690,359.88,raceInstanceID087,lane02,swmr09,result01
raceLaneInstanceID0691,334.7,raceInstanceID087,lane03,swmr57,result03
raceLaneInstanceID0692,268.9,raceInstanceID087,lane04,swmr69,result06
raceLaneInstanceID0693,301.27,raceInstanceID087,lane05,swmr33,result05
raceLaneInstanceID0694,339.16,raceInstanceID087,lane06,swmr79,result02
raceLaneInstanceID0695,,raceInstanceID087,lane07,,
raceLaneInstanceID0696,,raceInstanceID087,lane08,,
raceLaneInstanceID0697,301.68,raceInstanceID088,lane01,swmr16,result04
raceLaneInstanceID0698,,raceInstanceID088,lane02,swmr64,result09
raceLaneInstanceID0699,335.1,raceInstanceID088,lane03,swmr70,result02
raceLaneInstanceID0700,326.87,raceInstanceID088,lane04,swmr28,result03
raceLaneInstanceID0701,363.39,raceInstanceID088,lane05,swmr40,result01
raceLaneInstanceID0702,273.03,raceInstanceID088,lane06,swmr58,result05
raceLaneInstanceID0703,,raceInstanceID088,lane07,,
raceLaneInstanceID0704,,raceInstanceID088,lane08,,
raceLaneInstanceID0705,296.79,raceInstanceID089,lane01,swmr47,result03
raceLaneInstanceID0706,245.84,raceInstanceID089,lane02,swmr59,result05
raceLaneInstanceID0707,317.78,raceInstanceID089,lane03,swmr65,result01
raceLaneInstanceID0708,305.15,raceInstanceID089,lane04,swmr11,result02
raceLaneInstanceID0709,253.79,raceInstanceID089,lane05,swmr29,result04
raceLaneInstanceID0710,244.91,raceInstanceID089,lane06,swmr35,result06
raceLaneInstanceID0711,,raceInstanceID089,lane07,,
raceLaneInstanceID0712,,raceInstanceID089,lane08,,
raceLaneInstanceID0713,272.19,raceInstanceID090,lane01,swmr48,result06
raceLaneInstanceID0714,279.7,raceInstanceID090,lane02,swmr54,result05
raceLaneInstanceID0715,301.31,raceInstanceID090,lane03,swmr66,result03
raceLaneInstanceID0716,320.66,raceInstanceID090,lane04,swmr36,result01
raceLaneInstanceID0717,310.07,raceInstanceID090,lane05,swmr60,result02
raceLaneInstanceID0718,291.83,raceInstanceID090,lane06,swmr82,result04
raceLaneInstanceID0719,,raceInstanceID090,lane07,,
raceLaneInstanceID0720,,raceInstanceID090,lane08,,
raceLaneInstanceID0721,55.91,raceInstanceID091,lane01,swmr01,result07
raceLaneInstanceID0722,66.84,raceInstanceID091,lane02,swmr07,result02
raceLaneInstanceID0723,60.87,raceInstanceID091,lane03,swmr13,result03
raceLaneInstanceID0724,58.77,raceInstanceID091,lane04,swmr25,result05
raceLaneInstanceID0725,72.99,raceInstanceID091,lane05,swmr37,result01
raceLaneInstanceID0726,59.86,raceInstanceID091,lane06,swmr61,result04
raceLaneInstanceID0727,56.22,raceInstanceID091,lane07,swmr67,result06
raceLaneInstanceID0728,,raceInstanceID091,lane08,,
raceLaneInstanceID0729,59.2,raceInstanceID092,lane01,swmr08,result06
raceLaneInstanceID0730,63.52,raceInstanceID092,lane02,swmr32,result03
raceLaneInstanceID0731,73.22,raceInstanceID092,lane03,swmr38,result01
raceLaneInstanceID0732,72.33,raceInstanceID092,lane04,swmr50,result02
raceLaneInstanceID0733,63.19,raceInstanceID092,lane05,swmr62,result04
raceLaneInstanceID0734,60.0,raceInstanceID092,lane06,swmr84,result05
raceLaneInstanceID0735,56.6,raceInstanceID092,lane07,swmr44,result07
raceLaneInstanceID0736,,raceInstanceID092,lane08,,
raceLaneInstanceID0737,52.07,raceInstanceID093,lane01,swmr03,result04
raceLaneInstanceID0738,65.23,raceInstanceID093,lane02,swmr21,result02
raceLaneInstanceID0739,50.56,raceInstanceID093,lane03,swmr39,result05
raceLaneInstanceID0740,66.11,raceInstanceID093,lane04,swmr71,result01
raceLaneInstanceID0741,53.65,raceInstanceID093,lane05,swmr73,result03
raceLaneInstanceID0742,,raceInstanceID093,lane06,,
raceLaneInstanceID0743,,raceInstanceID093,lane07,,
raceLaneInstanceID0744,,raceInstanceID093,lane08,,
raceLaneInstanceID0745,50.84,raceInstanceID094,lane01,swmr70,result04
raceLaneInstanceID0746,58.39,raceInstanceID094,lane02,swmr22,result02
raceLaneInstanceID0747,49.08,raceInstanceID094,lane03,swmr28,result06
raceLaneInstanceID0748,65.64,raceInstanceID094,lane04,swmr34,result01
raceLaneInstanceID0749,54.44,raceInstanceID094,lane05,swmr40,result03
raceLaneInstanceID0750,49.24,raceInstanceID094,lane06,swmr64,result05
raceLaneInstanceID0751,,raceInstanceID094,lane07,,
raceLaneInstanceID0752,,raceInstanceID094,lane08,,
raceLaneInstanceID0753,53.91,raceInstanceID095,lane01,swmr11,result02
raceLaneInstanceID0754,45.79,raceInstanceID095,lane02,swmr29,result05
raceLaneInstanceID0755,59.11,raceInstanceID095,lane03,swmr59,result01
raceLaneInstanceID0756,43.52,raceInstanceID095,lane04,swmr81,result07
raceLaneInstanceID0757,45.81,raceInstanceID095,lane05,swmr75,result04
raceLaneInstanceID0758,45.61,raceInstanceID095,lane06,swmr77,result06
raceLaneInstanceID0759,50.01,raceInstanceID095,lane07,swmr17,result03
raceLaneInstanceID0760,,raceInstanceID095,lane08,,
raceLaneInstanceID0761,46.0,raceInstanceID096,lane01,swmr30,result05
raceLaneInstanceID0762,53.0,raceInstanceID096,lane02,swmr36,result02
raceLaneInstanceID0763,61.19,raceInstanceID096,lane03,swmr42,result01
raceLaneInstanceID0764,48.01,raceInstanceID096,lane04,swmr76,result03
raceLaneInstanceID0765,47.14,raceInstanceID096,lane05,swmr82,result04
raceLaneInstanceID0766,,raceInstanceID096,lane06,,
raceLaneInstanceID0767,,raceInstanceID096,lane07,,
raceLaneInstanceID0768,,raceInstanceID096,lane08,,
raceLaneInstanceID0769,92.79,raceInstanceID097,lane01,swmr01,result03
raceLaneInstanceID0770,76.26,raceInstanceID097,lane02,swmr07,result08
raceLaneInstanceID0771,93.95,raceInstanceID097,lane03,swmr13,result02
raceLaneInstanceID0772,94.22,raceInstanceID097,lane04,swmr25,result01
raceLaneInstanceID0773,82.46,raceInstanceID097,lane05,swmr31,result07
raceLaneInstanceID0774,90.48,raceInstanceID097,lane06,swmr37,result04
raceLaneInstanceID0775,90.42,raceInstanceID097,lane07,swmr49,result05
raceLaneInstanceID0776,85.72,raceInstanceID097,lane08,swmr55,result06
raceLaneInstanceID0777,97.74,raceInstanceID098,lane01,swmr02,result01
raceLaneInstanceID0778,83.81,raceInstanceID098,lane02,swmr20,result05
raceLaneInstanceID0779,74.56,raceInstanceID098,lane03,swmr68,result07
raceLaneInstanceID0780,85.78,raceInstanceID098,lane04,swmr72,result04
raceLaneInstanceID0781,93.1,raceInstanceID098,lane05,swmr78,result03
raceLaneInstanceID0782,93.43,raceInstanceID098,lane06,swmr80,result02
raceLaneInstanceID0783,83.7,raceInstanceID098,lane07,swmr26,result06
raceLaneInstanceID0784,,raceInstanceID098,lane08,,
raceLaneInstanceID0785,78.09,raceInstanceID099,lane01,swmr03,result03
raceLaneInstanceID0786,65.86,raceInstanceID099,lane02,swmr09,result07
raceLaneInstanceID0787,84.33,raceInstanceID099,lane03,swmr21,result01
raceLaneInstanceID0788,74.18,raceInstanceID099,lane04,swmr27,result04
raceLaneInstanceID0789,78.92,raceInstanceID099,lane05,swmr39,result02
raceLaneInstanceID0790,70.13,raceInstanceID099,lane06,swmr45,result05
raceLaneInstanceID0791,66.1,raceInstanceID099,lane07,swmr69,result06
raceLaneInstanceID0792,,raceInstanceID099,lane08,,
raceLaneInstanceID0793,70.12,raceInstanceID100,lane01,swmr10,result04
raceLaneInstanceID0794,83.39,raceInstanceID100,lane02,swmr16,result02
raceLaneInstanceID0795,69.67,raceInstanceID100,lane03,swmr46,result05
raceLaneInstanceID0796,69.59,raceInstanceID100,lane04,swmr74,result06
raceLaneInstanceID0797,74.32,raceInstanceID100,lane05,swmr52,result03
raceLaneInstanceID0798,85.88,raceInstanceID100,lane06,swmr58,result01
raceLaneInstanceID0799,,raceInstanceID100,lane07,,
raceLaneInstanceID0800,,raceInstanceID100,lane08,,
raceLaneInstanceID0801,80.3,raceInstanceID101,lane01,swmr41,result01
raceLaneInstanceID0802,67.51,raceInstanceID101,lane02,swmr47,result02
raceLaneInstanceID0803,66.88,raceInstanceID101,lane03,swmr53,result03
raceLaneInstanceID0804,66.69,raceInstanceID101,lane04,swmr81,result04
raceLaneInstanceID0805,65.31,raceInstanceID101,lane05,swmr75,result05
raceLaneInstanceID0806,,raceInstanceID101,lane06,swmr77,result10
raceLaneInstanceID0807,,raceInstanceID101,lane07,,
raceLaneInstanceID0808,,raceInstanceID101,lane08,,
raceLaneInstanceID0809,67.3,raceInstanceID102,lane01,swmr06,result05
raceLaneInstanceID0810,78.85,raceInstanceID102,lane02,swmr54,result01
raceLaneInstanceID0811,73.82,raceInstanceID102,lane03,swmr60,result04
raceLaneInstanceID0812,76.56,raceInstanceID102,lane04,swmr12,result03
raceLaneInstanceID0813,65.06,raceInstanceID102,lane05,swmr30,result06
raceLaneInstanceID0814,77.81,raceInstanceID102,lane06,swmr76,result02
raceLaneInstanceID0815,,raceInstanceID102,lane07,,
raceLaneInstanceID0816,,raceInstanceID102,lane08,,
raceLaneInstanceID0817,98.04,raceInstanceID103,lane01,swmr19,result04
raceLaneInstanceID0818,98.35,raceInstanceID103,lane02,swmr43,result03
raceLaneInstanceID0819,102.93,raceInstanceID103,lane03,swmr67,result02
raceLaneInstanceID0820,86.5,raceInstanceID103,lane04,swmr49,result06
raceLaneInstanceID0821,104.0,raceInstanceID103,lane05,swmr61,result01
raceLaneInstanceID0822,89.29,raceInstanceID103,lane06,swmr55,result05
raceLaneInstanceID0823,,raceInstanceID103,lane07,,
raceLaneInstanceID0824,,raceInstanceID103,lane08,,
raceLaneInstanceID0825,115.62,raceInstanceID104,lane01,swmr02,result02
raceLaneInstanceID0826,87.95,raceInstanceID104,lane02,swmr14,result07
raceLaneInstanceID0827,101.14,raceInstanceID104,lane03,swmr20,result06
raceLaneInstanceID0828,103.46,raceInstanceID104,lane04,swmr32,result05
raceLaneInstanceID0829,112.34,raceInstanceID104,lane05,swmr56,result03
raceLaneInstanceID0830,115.67,raceInstanceID104,lane06,swmr62,result01
raceLaneInstanceID0831,103.93,raceInstanceID104,lane07,swmr68,result04
raceLaneInstanceID0832,,raceInstanceID104,lane08,,
raceLaneInstanceID0833,79.49,raceInstanceID105,lane01,swmr33,result06
raceLaneInstanceID0834,85.4,raceInstanceID105,lane02,swmr27,result04
raceLaneInstanceID0835,86.54,raceInstanceID105,lane03,swmr51,result03
raceLaneInstanceID0836,97.33,raceInstanceID105,lane04,swmr69,result01
raceLaneInstanceID0837,90.0,raceInstanceID105,lane05,swmr45,result02
raceLaneInstanceID0838,80.77,raceInstanceID105,lane06,swmr15,result05
raceLaneInstanceID0839,,raceInstanceID105,lane07,,
raceLaneInstanceID0840,,raceInstanceID105,lane08,,
raceLaneInstanceID0841,,raceInstanceID106,lane01,swmr04,result11
raceLaneInstanceID0842,91.93,raceInstanceID106,lane02,swmr22,result04
raceLaneInstanceID0843,107.01,raceInstanceID106,lane03,swmr10,result01
raceLaneInstanceID0844,90.4,raceInstanceID106,lane04,swmr40,result05
raceLaneInstanceID0845,102.11,raceInstanceID106,lane05,swmr46,result03
raceLaneInstanceID0846,89.88,raceInstanceID106,lane06,swmr58,result06
raceLaneInstanceID0847,105.48,raceInstanceID106,lane07,swmr64,result02
raceLaneInstanceID0848,73.48,raceInstanceID106,lane08,swmr70,result07
raceLaneInstanceID0849,68.44,raceInstanceID107,lane01,swmr35,result04
raceLaneInstanceID0850,64.18,raceInstanceID107,lane02,swmr53,result06
raceLaneInstanceID0851,84.53,raceInstanceID107,lane03,swmr65,result01
raceLaneInstanceID0852,69.55,raceInstanceID107,lane04,swmr05,result03
raceLaneInstanceID0853,67.5,raceInstanceID107,lane05,swmr23,result05
raceLaneInstanceID0854,78.26,raceInstanceID107,lane06,swmr41,result02
raceLaneInstanceID0855,,raceInstanceID107,lane07,,
raceLaneInstanceID0856,,raceInstanceID107,lane08,,
raceLaneInstanceID0857,92.83,raceInstanceID108,lane01,swmr06,result02
raceLaneInstanceID0858,90.34,raceInstanceID108,lane02,swmr12,result03
raceLaneInstanceID0859,77.48,raceInstanceID108,lane03,swmr24,result07
raceLaneInstanceID0860,97.19,raceInstanceID108,lane04,swmr48,result01
raceLaneInstanceID0861,89.04,raceInstanceID108,lane05,swmr66,result04
raceLaneInstanceID0862,86.36,raceInstanceID108,lane06,swmr82,result05
raceLaneInstanceID0863,85.99,raceInstanceID108,lane07,swmr18,result06
raceLaneInstanceID0864,,raceInstanceID108,lane08,,
raceLaneInstanceID0865,88.05,raceInstanceID109,lane01,swmr85,result04
raceLaneInstanceID0866,93.76,raceInstanceID109,lane02,swmr19,result03
raceLaneInstanceID0867,98.31,raceInstanceID109,lane03,swmr31,result01
raceLaneInstanceID0868,85.56,raceInstanceID109,lane04,swmr43,result06
raceLaneInstanceID0869,95.17,raceInstanceID109,lane05,swmr83,result02
raceLaneInstanceID0870,86.84,raceInstanceID109,lane06,,
raceLaneInstanceID0871,,raceInstanceID109,lane07,,
raceLaneInstanceID0872,,raceInstanceID109,lane08,,
raceLaneInstanceID0873,105.02,raceInstanceID110,lane01,swmr08,result02
raceLaneInstanceID0874,105.98,raceInstanceID110,lane02,swmr38,result01
raceLaneInstanceID0875,99.46,raceInstanceID110,lane03,swmr50,result03
raceLaneInstanceID0876,84.26,raceInstanceID110,lane04,swmr56,result05
raceLaneInstanceID0877,84.06,raceInstanceID110,lane05,swmr72,result06
raceLaneInstanceID0878,,raceInstanceID110,lane06,swmr80,result09
raceLaneInstanceID0879,93.8,raceInstanceID110,lane07,swmr84,result04
raceLaneInstanceID0880,,raceInstanceID110,lane08,,
raceLaneInstanceID0881,89.09,raceInstanceID111,lane01,swmr09,result05
raceLaneInstanceID0882,85.61,raceInstanceID111,lane02,swmr57,result07
raceLaneInstanceID0883,93.81,raceInstanceID111,lane03,swmr33,result03
raceLaneInstanceID0884,88.28,raceInstanceID111,lane04,swmr63,result06
raceLaneInstanceID0885,95.88,raceInstanceID111,lane05,swmr71,result02
raceLaneInstanceID0886,96.58,raceInstanceID111,lane06,swmr73,result01
raceLaneInstanceID0887,91.54,raceInstanceID111,lane07,swmr79,result04
raceLaneInstanceID0888,,raceInstanceID111,lane08,,
raceLaneInstanceID0889,95.75,raceInstanceID112,lane01,swmr04,result03
raceLaneInstanceID0890,97.13,raceInstanceID112,lane02,swmr28,result02
raceLaneInstanceID0891,100.83,raceInstanceID112,lane03,swmr34,result01
raceLaneInstanceID0892,84.65,raceInstanceID112,lane04,swmr16,result05
raceLaneInstanceID0893,87.04,raceInstanceID112,lane05,swmr74,result04
raceLaneInstanceID0894,82.52,raceInstanceID112,lane06,swmr52,result06
raceLaneInstanceID0895,,raceInstanceID112,lane07,,
raceLaneInstanceID0896,,raceInstanceID112,lane08,,
raceLaneInstanceID0897,77.6,raceInstanceID113,lane01,swmr05,result05
raceLaneInstanceID0898,88.15,raceInstanceID113,lane02,swmr11,result01
raceLaneInstanceID0899,79.8,raceInstanceID113,lane03,swmr23,result04
raceLaneInstanceID0900,76.36,raceInstanceID113,lane04,swmr29,result07
raceLaneInstanceID0901,73.74,raceInstanceID113,lane05,swmr35,result08
raceLaneInstanceID0902,83.03,raceInstanceID113,lane06,swmr47,result03
raceLaneInstanceID0903,77.27,raceInstanceID113,lane07,swmr59,result06
raceLaneInstanceID0904,85.97,raceInstanceID113,lane08,swmr65,result02
raceLaneInstanceID0905,77.21,raceInstanceID114,lane01,swmr24,result06
raceLaneInstanceID0906,87.33,raceInstanceID114,lane02,swmr36,result02
raceLaneInstanceID0907,88.64,raceInstanceID114,lane03,swmr48,result01
raceLaneInstanceID0908,84.39,raceInstanceID114,lane04,swmr54,result03
raceLaneInstanceID0909,82.69,raceInstanceID114,lane05,swmr60,result04
raceLaneInstanceID0910,78.56,raceInstanceID114,lane06,swmr66,result05
raceLaneInstanceID0911,,raceInstanceID114,lane07,,
raceLaneInstanceID0912,,raceInstanceID114,lane08,,
raceLaneInstanceID0913,350.2,raceInstanceID115,lane01,swmr01,result04
raceLaneInstanceID0914,301.24,raceInstanceID115,lane02,swmr07,result06
raceLaneInstanceID0915,337.29,raceInstanceID115,lane03,swmr19,result05
raceLaneInstanceID0916,362.32,raceInstanceID115,lane04,swmr43,result02
raceLaneInstanceID0917,358.49,raceInstanceID115,lane05,swmr67,result03
raceLaneInstanceID0918,377.57,raceInstanceID115,lane06,swmr83,result01
raceLaneInstanceID0919,,raceInstanceID115,lane07,,
raceLaneInstanceID0920,,raceInstanceID115,lane08,,
raceLaneInstanceID0921,362.82,raceInstanceID116,lane01,swmr02,result05
raceLaneInstanceID0922,392.27,raceInstanceID116,lane02,swmr32,result03
raceLaneInstanceID0923,368.44,raceInstanceID116,lane03,swmr38,result04
raceLaneInstanceID0924,392.64,raceInstanceID116,lane04,swmr50,result02
raceLaneInstanceID0925,324.44,raceInstanceID116,lane05,swmr56,result07
raceLaneInstanceID0926,341.44,raceInstanceID116,lane06,swmr68,result06
raceLaneInstanceID0927,398.29,raceInstanceID116,lane07,swmr80,result01
raceLaneInstanceID0928,,raceInstanceID116,lane08,,
raceLaneInstanceID0929,331.27,raceInstanceID117,lane01,swmr03,result03
raceLaneInstanceID0930,352.5,raceInstanceID117,lane02,swmr09,result01
raceLaneInstanceID0931,322.6,raceInstanceID117,lane03,swmr57,result04
raceLaneInstanceID0932,306.2,raceInstanceID117,lane04,swmr69,result05
raceLaneInstanceID0933,302.92,raceInstanceID117,lane05,swmr33,result06
raceLaneInstanceID0934,349.26,raceInstanceID117,lane06,swmr79,result02
raceLaneInstanceID0935,,raceInstanceID117,lane07,,
raceLaneInstanceID0936,,raceInstanceID117,lane08,,
raceLaneInstanceID0937,325.34,raceInstanceID118,lane01,swmr16,result04
raceLaneInstanceID0938,367.4,raceInstanceID118,lane02,swmr64,result01
raceLaneInstanceID0939,315.29,raceInstanceID118,lane03,swmr70,result05
raceLaneInstanceID0940,352.92,raceInstanceID118,lane04,swmr28,result02
raceLaneInstanceID0941,330.06,raceInstanceID118,lane05,swmr40,result03
raceLaneInstanceID0942,313.15,raceInstanceID118,lane06,swmr58,result06
raceLaneInstanceID0943,,raceInstanceID118,lane07,,
raceLaneInstanceID0944,,raceInstanceID118,lane08,,
raceLaneInstanceID0945,292.77,raceInstanceID119,lane01,swmr47,result04
raceLaneInstanceID0946,316.91,raceInstanceID119,lane02,swmr59,result02
raceLaneInstanceID0947,326.3,raceInstanceID119,lane03,swmr65,result01
raceLaneInstanceID0948,260.86,raceInstanceID119,lane04,swmr11,result05
raceLaneInstanceID0949,307.02,raceInstanceID119,lane05,swmr29,result03
raceLaneInstanceID0950,258.29,raceInstanceID119,lane06,swmr35,result06
raceLaneInstanceID0951,,raceInstanceID119,lane07,,
raceLaneInstanceID0952,,raceInstanceID119,lane08,,
raceLaneInstanceID0953,,raceInstanceID120,lane01,swmr48,result10
raceLaneInstanceID0954,259.84,raceInstanceID120,lane02,swmr54,result05
raceLaneInstanceID0955,313.72,raceInstanceID120,lane03,swmr66,result02
raceLaneInstanceID0956,339.15,raceInstanceID120,lane04,swmr36,result01
raceLaneInstanceID0957,290.01,raceInstanceID120,lane05,swmr60,result03
raceLaneInstanceID0958,265.66,raceInstanceID120,lane06,swmr82,result04
raceLaneInstanceID0959,,raceInstanceID120,lane07,,
raceLaneInstanceID0960,,raceInstanceID120,lane08,,
